run,model,helpfulness,conciseness,correctness,relevance,clarity,completeness,faithfulness,overall_rating,differences,assessment,winner
1,llama3:8b-instruct-q4_K_M (rag),85,95,95,100,95,80,85,90,模型回答正確指出夜盲症，但未提及嚴重時可能導致失明，因而在完整性與忠實度上略有不足；此外加入英文翻譯雖無害，但略顯冗餘。,回答基本正確且易懂，對於缺乏維生素A造成的視力問題提供了核心資訊，然而缺少了嚴重時導致失明的關鍵細節，影響了完整性。,
1,deepseek-r1:8b-llama-distill-q4_K_M (rag),90,70,95,95,90,90,80,88,"模型回答在語言上使用了簡體字（""维生素A""）而非繁體字（""維生素A""），並額外提及""其他視力障礙""，這在參考答案中未被提及，屬於額外資訊。除此之外，內容與參考答案一致。",回答基本正確且有幫助，提供了夜盲症及失明的關鍵資訊，並補充了維生素A對眼睛功能的重要性。唯一不足在於使用簡體字且加入了未在參考答案中提及的額外資訊，影響了對原始答案的忠實度。,
1,mistral:7b-instruct-v0.3-q4_K_M (RAG),70,80,70,80,80,70,60,70,模型答案加入了『視力不明、夜間視力低下、虛白眼、水腫眼』等症狀，並未提及『失明』；相較於參考答案僅指出夜盲症及嚴重時失明，模型答案在內容上不完全一致，且新增的症狀可能不完全符合科學文獻。,答案在提供更多細節上有一定幫助，但缺少關鍵的失明資訊，且新增的症狀可能不準確，整體上不完全符合參考答案，建議進一步核對相關獸醫文獻以確保正確性。,
1,gemma3:12b-it-q4_K_M  (rag),70,90,90,100,100,70,80,80,模型回答只提到夜盲症，未提及嚴重時可能導致失明，與參考答案相比缺少了關鍵的嚴重後果資訊。,回答正確且簡潔，能說明缺乏維生素A會導致夜盲症，但缺少了嚴重時可能失明的說明，因而在完整性上有所不足。,
1,goat_llama3_8bit_q4_K_M_0819_1553:latest,90,80,100,100,95,95,90,93,模型答案在原有的夜盲症描述之外，額外提到「容易引起其他疾病」以及更詳細的「夜間視力不良」說明，這些資訊並未出現在參考答案中，但並未與參考答案矛盾。,模型回答在內容上與參考答案保持一致，並提供了更完整的說明，對於使用者的問題更具幫助且無誤導性，符合安全與科學準則。,
1,llama3:8b-instruct-q4_K_M,90,80,100,100,90,100,70,90,模型答案在參考答案的基礎上加入了 Bitot’s spots（蜜網膜病變）和角膜炎等額外症狀，雖然這些資訊在科學上是正確且有用的，但與參考答案的簡短描述不完全一致，造成了對原始答案的偏離。,模型回答提供了更完整、具體且實用的資訊，對於使用者了解維生素A缺乏對視力的影響非常有幫助。然而，因為加入了參考答案未提及的內容，與原始答案的忠實度略有下降。,
1,gpt-oss:20b(rag),90,80,90,100,90,95,90,90,模型答案在參考答案的基礎上，補充了夜盲之外的多項視覺障礙（角膜乾燥、角膜炎、結膜炎、角膜硬化、視網膜退化）以及預防措施（補充維生素A、維持營養攝取）。這些補充資訊在科學上是正確且常見於山羊維生素A缺乏的臨床表現，並未引入錯誤或不安全建議。,模型回答不僅準確回應了問題，還提供了更完整的臨床表現與預防建議，對使用者非常有幫助。雖然長度略長於參考答案，但仍保持簡潔且易於理解，符合專業飼養與照護的標準。,
2,llama3:8b-instruct-q4_K_M (rag),85,95,85,100,95,80,80,89,模型答案提到了夜盲症，但未提及嚴重時會導致失明，與參考答案的完整內容不完全一致；此外模型加入了「根據上下文」的說明，雖無錯誤但略顯多餘。,答案基本正確且易懂，能回答問題，但缺少了參考答案中提到的「嚴重時導致失明」這一重要資訊，故完整度與忠實度略低。,
2,deepseek-r1:8b-llama-distill-q4_K_M (rag),90,80,100,100,90,95,95,91,模型答案在保持核心資訊（夜盲症、失明）的同時，額外說明了維生素A對光敏細胞的重要性，並提及其他視力障礙，整體內容更為完整，但字數略多於參考答案。,答案正確且有幫助，提供了更完整的說明，雖然比參考答案稍長，但仍保持相關性與準確性。,
2,mistral:7b-instruct-v0.3-q4_K_M (RAG),70,80,60,90,85,70,50,70,模型答案加入了『視力不明、夜間视力低下、虛白眼、水腫眼』等描述，未提及『失明』；此外『虛白眼』與『水腫眼』在獸醫文獻中並非維生素A缺乏的主要症狀，可能造成誤導。,答案提供了一些額外的視力相關症狀，對於使用者可能有參考價值，但缺乏對失明的說明且包含可能不準確的術語，整體上不完全符合參考答案，且在正確性與忠實度上有所不足。,
2,gemma3:12b-it-q4_K_M  (rag),70,85,90,100,100,60,70,80,模型答案只提到夜盲症，未提及嚴重時會導致失明，與參考答案的完整描述不符。,答案基本正確且易懂，但缺少關鍵細節（失明），因此在完整性與忠實度上有所不足。,
2,goat_llama3_8bit_q4_K_M_0819_1553:latest,90,85,90,95,95,90,80,88,模型答案在提及夜盲症和嚴重失明時與參考答案一致，但額外加入了「容易引起其他疾病」的說法，該內容未出現在參考答案中，屬於額外資訊，可能造成輕微偏離。,答案正確且有幫助，提供了必要的資訊並保持清晰易懂，但在忠實度上略有偏差，因為加入了未在參考答案中提及的額外說法。,
2,llama3:8b-instruct-q4_K_M,80,70,85,90,90,85,70,83,模型答案在參考答案的基礎上加入了「Bitot’s spots」與「角膜炎」等細節，雖然部分資訊在山羊中可能不常見或不完全正確，且答案較長，與參考答案的簡潔性不符。,回答提供了更完整的視力問題說明，對於缺乏維生素A的山羊可能造成的影響有較多細節，對使用者有幫助；但部分新增內容（如 Bitot’s spots）在山羊中不常見，且答案較長，與參考答案的簡潔性不符，需留意準確性。,
2,gpt-oss:20b(rag),90,80,95,95,90,95,70,86,模型答案在提及夜盲後，額外列舉了角膜乾燥、角膜炎、結膜炎、角膜硬化及視網膜退化等視覺障礙，並說明最終可能導致視力喪失，這些內容在參考答案中未提及，屬於偏離參考答案的範圍。雖然這些補充資訊在科學上是正確的，但與參考答案的簡短表述不一致，影響了對參考答案的忠實度。,答案在內容上相當完整且正確，提供了更多相關的視覺問題，對使用者非常有幫助。然而，由於加入了參考答案未提及的細節，與參考答案的忠實度略有下降。整體而言，答案是正確且有幫助的。,
3,llama3:8b-instruct-q4_K_M (rag),80,90,90,100,95,70,80,80,模型回答只提到夜盲症，未提及嚴重時可能導致失明，因而在完整性與忠實度上略有不足。,答案基本正確且易於理解，但缺少了參考答案中提到的「嚴重時導致失明」這一關鍵資訊，對於想了解完整影響的使用者來說不夠完整。,
3,deepseek-r1:8b-llama-distill-q4_K_M (rag),90,80,100,100,95,95,95,93,模型答案在保持核心資訊（夜盲症、失明）的同時，額外說明了維生素A對眼睛功能的重要性、光敏細胞的作用以及可能出現的其他視力障礙，並使用了更完整的句式。沒有任何錯誤或不一致之處。,回答正確且有幫助，雖然比參考答案更詳細，但仍保持一致性，並提供了額外的背景資訊，對於想了解更完整情況的使用者來說更具價值。,
3,mistral:7b-instruct-v0.3-q4_K_M (RAG),70,80,70,80,70,60,60,70,模型回答中加入了『虛白眼』、『水腫眼』等症狀，這些在參考答案中未提及；同時缺少了『嚴重時導致失明』的關鍵說明。雖然提到了夜間視力低下，但未完整覆蓋參考答案的主要結論。,模型的回答在提供更多可能的視力問題方面較為有幫助，但因為缺少關鍵的失明說明且加入了一些不確定的症狀，導致正確性與完整性有所不足。整體而言，答案仍具參考價值，但需要進一步修正以符合參考答案的核心內容。,
3,gemma3:12b-it-q4_K_M  (rag),80,90,90,95,95,70,80,80,模型回答只提到夜盲症，未說明嚴重時可能導致失明，與參考答案相比缺少了關鍵的嚴重後果資訊。,回答正確且易懂，但缺少了參考答案中提到的「嚴重時導致失明」這一重要細節，因而在完整性上有所不足。,
3,goat_llama3_8bit_q4_K_M_0819_1553:latest,90,85,100,100,95,100,95,95,模型回答額外提到「容易引起其他疾病」，但未在參考答案中提及；其餘內容與參考答案一致，並未出現錯誤或不足。,答案正確且有幫助，僅多餘一點資訊，未影響核心答案。,
3,llama3:8b-instruct-q4_K_M,85,70,90,90,80,90,70,80,模型答案額外提及了 Bitot’s spots（蜜網膜病變）和角膜炎（Corneal ulcers），並加入了治療與營養改善的建議，這些內容在參考答案中未提及；同時使用了中英混合術語。這些補充資訊雖正確，但與參考答案的簡短描述不完全一致。,答案在內容上正確且更為完整，能提供更全面的視力問題描述，對使用者非常有幫助。然而，因為加入了參考答案未提及的細節，與原始參考答案的忠實度略有下降。整體而言，答案是正確且有價值的。,
3,gpt-oss:20b(rag),90,80,95,95,90,90,85,90,模型答案在參考答案的基礎上，額外說明了維生素A缺乏會導致角膜乾燥、角膜炎、結膜炎、角膜硬化及視網膜退化等視覺障礙，並提出及時補充維生素A及維持適當營養的預防措施。這些補充資訊並未與參考答案矛盾，但在字數上略長，且增加了預防建議。,答案正確且有幫助，提供了更完整的臨床表現與預防措施，對山羊飼養者而言具有實際參考價值。,
